id,user_id,site_id,created_at,start_date,end_date
1,41,1,12/22/2022,1/1/2023,1/5/2023
2,21,12,12/27/2022,1/1/2023,1/8/2023
3,9,8,12/27/2022,1/1/2023,1/8/2023
4,48,7,12/22/2022,1/1/2023,1/7/2023
5,11,39,12/31/2022,1/5/2023,1/9/2023
6,16,17,12/26/2022,1/3/2023,1/8/2023
7,18,11,12/7/2022,1/1/2023,1/8/2023
8,46,22,12/21/2022,1/1/2023,1/4/2023
9,43,23,1/3/2023,1/4/2023,1/5/2023
10,30,10,12/8/2022,1/6/2023,1/9/2023
11,46,50,12/26/2022,1/10/2023,1/15/2023
12,18,36,12/18/2022,1/2/2023,1/5/2023
13,28,5,12/29/2022,1/6/2023,1/11/2023
14,1,31,12/12/2022,1/7/2023,1/11/2023
15,28,23,1/9/2023,1/12/2023,1/13/2023
16,38,29,12/31/2022,1/3/2023,1/5/2023
17,31,38,12/24/2022,1/3/2023,1/6/2023
18,46,35,12/23/2022,1/6/2023,1/11/2023
19,27,40,12/21/2022,1/8/2023,1/15/2023
20,7,44,12/25/2022,1/12/2023,1/19/2023
21,38,50,12/8/2022,1/4/2023,1/6/2023
22,4,37,12/27/2022,1/6/2023,1/8/2023
23,38,45,12/10/2022,1/7/2023,1/10/2023
24,37,24,12/17/2022,1/10/2023,1/13/2023
25,27,7,12/24/2022,1/13/2023,1/16/2023
26,5,21,12/16/2022,1/4/2023,1/5/2023
27,3,20,12/15/2022,1/5/2023,1/7/2023
28,33,19,12/27/2022,1/10/2023,1/17/2023
29,32,20,12/20/2022,1/11/2023,1/17/2023
30,13,9,12/27/2022,1/1/2023,1/4/2023
31,25,27,12/28/2022,1/1/2023,1/7/2023
32,4,27,1/4/2023,1/10/2023,1/15/2023
33,4,25,1/2/2023,1/12/2023,1/15/2023
34,50,23,1/7/2023,1/15/2023,1/22/2023
35,6,31,1/7/2023,1/16/2023,1/19/2023
36,2,14,12/19/2022,1/1/2023,1/6/2023
37,20,10,12/28/2022,1/14/2023,1/18/2023
38,21,46,12/20/2022,1/15/2023,1/16/2023
39,26,3,12/15/2022,1/2/2023,1/3/2023
40,17,34,1/3/2023,1/16/2023,1/18/2023
41,43,25,12/22/2022,1/17/2023,1/23/2023
42,14,21,12/23/2022,1/20/2023,1/26/2023
43,17,41,12/17/2022,1/6/2023,1/13/2023
44,14,2,1/6/2023,1/8/2023,1/11/2023
45,2,6,12/18/2022,1/11/2023,1/18/2023
46,36,21,12/15/2022,1/12/2023,1/14/2023
47,4,42,1/4/2023,1/12/2023,1/19/2023
48,5,39,12/27/2022,1/13/2023,1/15/2023
49,40,8,12/18/2022,1/13/2023,1/16/2023
50,38,48,12/26/2022,1/14/2023,1/19/2023
51,20,36,12/23/2022,1/21/2023,1/24/2023
52,37,34,12/11/2022,1/2/2023,1/4/2023
53,25,49,1/1/2023,1/8/2023,1/12/2023
54,46,8,12/20/2022,1/9/2023,1/10/2023
55,22,37,12/14/2022,1/13/2023,1/16/2023
56,8,1,1/5/2023,1/22/2023,1/27/2023
57,11,26,1/18/2023,1/23/2023,1/30/2023
58,44,25,12/20/2022,1/2/2023,1/9/2023
59,44,48,12/6/2022,1/5/2023,1/7/2023
60,18,19,12/20/2022,1/7/2023,1/9/2023
61,3,16,12/16/2022,1/8/2023,1/13/2023
62,35,47,12/23/2022,1/14/2023,1/20/2023
63,29,14,12/28/2022,1/19/2023,1/23/2023
64,46,34,12/26/2022,1/21/2023,1/22/2023
65,29,5,1/5/2023,1/22/2023,1/27/2023
66,5,6,12/11/2022,1/6/2023,1/9/2023
67,13,34,12/26/2022,1/8/2023,1/14/2023
68,47,1,12/19/2022,1/10/2023,1/13/2023
69,18,38,12/27/2022,1/12/2023,1/16/2023
70,35,8,12/20/2022,1/18/2023,1/21/2023
71,38,7,12/29/2022,1/20/2023,1/23/2023
72,16,40,1/4/2023,1/23/2023,1/30/2023
73,21,30,12/16/2022,1/7/2023,1/9/2023
74,7,4,1/1/2023,1/8/2023,1/15/2023
75,34,12,1/6/2023,1/13/2023,1/20/2023
76,32,41,1/10/2023,1/15/2023,1/16/2023
77,15,24,12/21/2022,1/17/2023,1/19/2023
78,12,9,12/28/2022,1/18/2023,1/24/2023
79,21,33,12/25/2022,1/21/2023,1/23/2023
80,34,42,1/20/2023,1/22/2023,1/29/2023
81,38,50,1/20/2023,1/22/2023,1/23/2023
82,27,30,12/27/2022,1/24/2023,1/31/2023
83,49,15,12/22/2022,1/6/2023,1/10/2023
84,29,43,1/2/2023,1/7/2023,1/12/2023
85,18,7,12/16/2022,1/8/2023,1/11/2023
86,40,36,12/12/2022,1/8/2023,1/14/2023
86,40,36,12/12/2022,1/8/2023,1/14/2023
87,20,29,12/29/2022,1/12/2023,1/18/2023
88,14,41,1/14/2023,1/21/2023,1/23/2023
89,34,37,1/6/2023,1/22/2023,1/23/2023
90,43,33,1/9/2023,1/11/2023,1/13/2023
91,27,2,12/25/2022,1/17/2023,1/23/2023
92,43,20,1/8/2023,1/20/2023,1/24/2023
93,17,44,1/6/2023,1/26/2023,1/29/2023
94,50,7,12/29/2022,1/26/2023,1/31/2023
95,44,42,12/2/2022,1/1/2023,1/4/2023
96,21,32,12/7/2022,1/5/2023,1/8/2023
97,20,45,12/22/2022,1/11/2023,1/13/2023
98,17,29,1/7/2023,1/21/2023,1/27/2023
99,29,45,1/2/2023,1/26/2023,1/27/2023
100,36,3,12/28/2022,1/7/2023,1/13/2023
101,31,28,12/29/2022,1/11/2023,1/12/2023
102,31,32,1/3/2023,1/13/2023,1/19/2023
103,48,26,1/2/2023,1/16/2023,1/20/2023
104,22,3,1/12/2023,1/16/2023,1/22/2023
105,29,19,1/6/2023,1/19/2023,1/24/2023
106,9,48,12/24/2022,1/22/2023,1/27/2023
107,13,34,1/13/2023,1/26/2023,1/30/2023
108,26,41,12/31/2022,1/30/2023,2/6/2023
109,3,24,12/24/2022,1/3/2023,1/8/2023
110,33,13,1/2/2023,1/6/2023,1/10/2023
111,6,22,1/3/2023,1/7/2023,1/10/2023
112,43,18,12/28/2022,1/8/2023,1/13/2023
113,40,46,12/16/2022,1/8/2023,1/10/2023
114,23,35,12/26/2022,1/18/2023,1/19/2023
115,30,17,1/11/2023,1/22/2023,1/23/2023
116,43,8,1/11/2023,1/23/2023,1/29/2023
117,32,39,1/5/2023,1/31/2023,2/3/2023
118,33,47,12/30/2022,1/6/2023,1/13/2023
119,4,17,12/30/2022,1/11/2023,1/17/2023
120,37,40,12/23/2022,1/16/2023,1/17/2023
121,36,12,1/16/2023,1/22/2023,1/26/2023
122,22,9,1/28/2023,1/29/2023,2/2/2023
123,41,33,12/7/2022,1/4/2023,1/5/2023
124,36,44,1/3/2023,1/4/2023,1/10/2023
125,7,28,1/3/2023,1/5/2023,1/7/2023
126,50,11,12/31/2022,1/12/2023,1/19/2023
127,23,16,12/30/2022,1/18/2023,1/21/2023
128,35,38,1/11/2023,1/18/2023,1/21/2023
129,44,6,1/18/2023,1/20/2023,1/24/2023
130,46,25,1/18/2023,1/24/2023,1/31/2023
131,8,35,1/6/2023,1/26/2023,1/31/2023
132,37,3,1/4/2023,1/27/2023,1/29/2023
133,20,31,1/15/2023,1/30/2023,2/6/2023
134,19,4,1/10/2023,1/16/2023,1/20/2023
135,27,13,1/24/2023,1/25/2023,1/30/2023
136,19,24,1/6/2023,1/26/2023,1/28/2023
137,24,12,1/12/2023,1/30/2023,2/4/2023
138,33,16,1/21/2023,1/31/2023,2/6/2023
139,43,42,12/16/2022,1/11/2023,1/9/2023
140,8,30,12/11/2022,1/10/2023,1/17/2023
141,16,43,1/9/2023,1/15/2023,1/18/2023
142,50,27,12/17/2022,1/16/2023,1/19/2023
143,42,49,12/27/2022,1/18/2023,1/20/2023
144,7,40,2/2/2023,2/3/2023,2/5/2023
145,38,26,12/31/2022,1/7/2023,1/9/2023
146,4,9,12/17/2022,1/11/2023,1/12/2023
147,38,15,1/10/2023,1/17/2023,1/22/2023
148,25,28,1/12/2023,1/17/2023,1/20/2023
149,14,46,1/16/2023,1/22/2023,1/26/2023
150,29,9,1/11/2023,1/25/2023,1/27/2023
151,28,36,1/7/2023,1/25/2023,1/31/2023
152,30,47,12/28/2022,1/27/2023,2/3/2023
153,11,46,1/20/2023,2/1/2023,2/8/2023
153,11,46,1/20/2023,2/1/2023,2/8/2023
154,3,18,1/8/2023,1/24/2023,1/25/2023
155,10,44,1/16/2023,1/31/2023,2/6/2023
156,21,30,1/6/2023,2/2/2023,2/4/2023
157,40,10,1/27/2023,2/2/2023,2/5/2023
158,2,45,1/6/2023,1/19/2023,1/21/2023
159,36,38,12/23/2022,1/22/2023,1/25/2023
160,39,17,1/6/2023,1/25/2023,1/27/2023
161,19,43,1/16/2023,2/2/2023,2/3/2023
162,7,30,1/29/2023,2/6/2023,2/9/2023
163,44,6,1/16/2023,2/7/2023,2/10/2023
164,15,14,1/5/2023,1/11/2023,1/13/2023
165,32,2,1/9/2023,1/14/2023,1/16/2023
166,34,45,1/22/2023,1/28/2023,2/4/2023
167,47,31,12/30/2022,1/21/2023,1/23/2023
168,20,35,1/20/2023,2/6/2023,2/12/2023
169,33,5,2/2/2023,2/9/2023,2/12/2023
170,21,22,12/21/2022,1/14/2023,1/20/2023
171,31,1,12/18/2022,1/15/2023,1/20/2023
172,17,28,1/6/2023,1/26/2023,2/2/2023
173,25,8,1/8/2023,2/6/2023,2/11/2023
174,1,28,1/24/2023,2/8/2023,2/15/2023
175,50,33,12/29/2022,1/16/2023,1/19/2023
176,29,18,1/10/2023,1/18/2023,1/21/2023
177,15,18,1/28/2023,1/31/2023,2/4/2023
178,30,20,1/29/2023,2/12/2023,2/14/2023
179,32,33,1/6/2023,1/26/2023,1/31/2023
180,19,5,12/24/2022,1/16/2023,1/21/2023
181,12,13,12/19/2022,1/16/2023,1/21/2023
182,27,39,1/7/2023,1/17/2023,1/24/2023
183,24,6,12/29/2022,1/25/2023,1/31/2023
184,27,50,12/25/2022,1/18/2023,1/21/2023
185,42,16,1/6/2023,1/24/2023,1/25/2023
186,10,32,1/12/2023,1/26/2023,1/29/2023
187,29,37,1/26/2023,1/30/2023,2/3/2023
188,27,15,1/2/2023,2/1/2023,2/6/2023
189,13,3,1/22/2023,2/2/2023,2/3/2023
190,18,20,1/16/2023,1/26/2023,1/27/2023
191,28,23,1/9/2023,1/27/2023,1/31/2023
192,29,5,1/9/2023,1/29/2023,2/3/2023
193,16,14,1/8/2023,1/29/2023,2/3/2023
194,8,49,1/15/2023,1/30/2023,2/3/2023
195,16,49,1/25/2023,2/6/2023,2/11/2023
196,26,12,1/25/2023,2/7/2023,2/10/2023
197,6,16,1/14/2023,2/11/2023,2/16/2023
198,9,38,2/1/2023,2/13/2023,2/14/2023
199,8,7,1/21/2023,2/14/2023,2/16/2023
200,12,4,12/31/2022,1/25/2023,1/31/2023
201,8,49,1/6/2023,1/25/2023,1/28/2023
202,31,15,1/7/2023,1/26/2023,1/28/2023
203,20,32,1/28/2023,1/31/2023,2/6/2023
204,11,24,1/19/2023,2/1/2023,2/3/2023
205,50,25,1/27/2023,2/5/2023,2/11/2023
206,14,23,2/9/2023,2/10/2023,2/17/2023
207,33,10,1/14/2023,2/11/2023,2/17/2023
208,18,39,1/25/2023,2/13/2023,2/20/2023
209,30,20,1/29/2023,2/15/2023,2/21/2023
210,14,1,1/29/2023,2/16/2023,2/23/2023
211,31,12,1/22/2023,2/17/2023,2/19/2023
212,46,10,1/19/2023,1/21/2023,1/24/2023
213,22,10,1/22/2023,1/26/2023,1/31/2023
214,10,42,1/24/2023,1/30/2023,2/2/2023
215,23,8,1/30/2023,2/2/2023,2/5/2023
216,17,13,2/2/2023,2/3/2023,2/8/2023
217,49,1,1/6/2023,2/3/2023,2/5/2023
218,32,45,1/29/2023,2/5/2023,2/9/2023
219,9,29,2/4/2023,2/9/2023,2/10/2023
220,2,43,1/17/2023,2/4/2023,2/11/2023
221,2,39,1/19/2023,2/5/2023,2/8/2023
222,34,19,1/17/2023,2/8/2023,2/9/2023
223,2,27,1/24/2023,2/10/2023,2/11/2023
224,13,28,1/19/2023,2/17/2023,2/18/2023
225,19,11,1/3/2023,1/23/2023,1/29/2023
226,12,21,1/18/2023,1/27/2023,1/29/2023
227,5,22,1/4/2023,1/27/2023,2/2/2023
228,27,37,1/25/2023,2/6/2023,2/12/2023
229,42,48,2/7/2023,2/15/2023,2/16/2023
230,43,40,2/4/2023,2/16/2023,2/23/2023
231,35,18,2/15/2023,2/19/2023,2/24/2023
232,6,43,1/13/2023,1/25/2023,1/28/2023
233,14,27,1/13/2023,1/26/2023,1/30/2023
234,29,33,1/26/2023,2/6/2023,2/9/2023
235,14,9,1/22/2023,2/7/2023,2/8/2023
236,13,35,1/15/2023,2/14/2023,2/18/2023
237,46,31,2/10/2023,2/18/2023,2/24/2023
238,22,44,2/5/2023,2/18/2023,2/25/2023
239,41,42,2/9/2023,2/18/2023,2/25/2023
240,33,16,2/13/2023,2/19/2023,2/26/2023
241,12,19,1/3/2023,1/27/2023,2/2/2023
242,6,14,1/27/2023,2/5/2023,2/7/2023
243,8,38,1/15/2023,1/26/2023,1/28/2023
244,41,34,1/19/2023,2/5/2023,2/6/2023
245,33,44,2/4/2023,2/9/2023,2/15/2023
246,1,14,1/14/2023,2/9/2023,2/10/2023
247,21,15,1/16/2023,2/10/2023,2/14/2023
248,26,33,1/30/2023,2/12/2023,2/18/2023
249,49,49,1/21/2023,2/18/2023,2/25/2023
250,50,24,2/14/2023,2/22/2023,2/24/2023
251,32,11,1/29/2023,2/23/2023,2/25/2023
252,46,33,1/26/2023,2/24/2023,3/1/2023
253,37,20,1/15/2023,1/29/2023,2/5/2023
254,13,50,1/16/2023,1/29/2023,2/4/2023
255,9,17,1/13/2023,1/31/2023,2/5/2023
256,32,21,1/29/2023,1/31/2023,2/4/2023
257,3,4,1/27/2023,2/4/2023,2/7/2023
258,49,7,1/16/2023,2/6/2023,2/10/2023
259,13,30,1/30/2023,2/12/2023,2/15/2023
260,45,26,1/18/2023,2/14/2023,2/21/2023
261,37,5,1/30/2023,2/19/2023,2/20/2023
262,37,17,1/20/2023,2/19/2023,2/26/2023
263,32,14,2/3/2023,2/24/2023,2/28/2023
264,5,38,1/5/2023,1/30/2023,2/1/2023
265,13,48,1/4/2023,2/3/2023,2/4/2023
266,47,11,1/10/2023,2/4/2023,2/11/2023
267,19,19,2/1/2023,2/14/2023,2/17/2023
268,21,37,1/21/2023,2/17/2023,2/22/2023
269,49,35,2/19/2023,2/20/2023,2/26/2023
270,43,8,2/19/2023,2/25/2023,3/3/2023
271,39,6,2/7/2023,2/14/2023,2/20/2023
272,43,10,2/13/2023,2/18/2023,2/25/2023
273,17,50,2/4/2023,2/20/2023,2/26/2023
274,47,49,2/9/2023,2/27/2023,3/2/2023
275,40,2,1/22/2023,1/30/2023,2/3/2023
276,8,29,1/15/2023,2/2/2023,2/8/2023
277,50,17,1/19/2023,2/6/2023,2/13/2023
278,32,40,1/13/2023,2/7/2023,2/9/2023
279,19,46,2/12/2023,2/16/2023,2/19/2023
280,14,45,1/23/2023,2/16/2023,2/20/2023
281,28,3,2/6/2023,2/19/2023,2/23/2023
282,26,46,2/11/2023,2/24/2023,3/1/2023
283,25,28,1/20/2023,2/5/2023,2/6/2023
284,50,23,1/14/2023,2/6/2023,2/7/2023
285,30,30,2/4/2023,2/16/2023,2/23/2023
286,48,31,2/20/2023,2/27/2023,3/6/2023
287,49,27,1/5/2023,2/1/2023,2/4/2023
288,48,38,1/27/2023,2/8/2023,2/9/2023
289,21,22,2/2/2023,2/9/2023,2/10/2023
290,42,41,1/18/2023,2/10/2023,2/16/2023
291,1,22,1/18/2023,2/13/2023,2/14/2023
292,13,14,1/31/2023,2/15/2023,2/22/2023
293,32,34,1/31/2023,2/9/2023,2/12/2023
294,50,3,2/9/2023,2/10/2023,2/13/2023
295,50,42,1/22/2023,2/10/2023,2/15/2023
296,28,1,2/8/2023,2/11/2023,2/14/2023
297,24,43,2/22/2023,2/23/2023,2/27/2023
298,1,10,1/25/2023,2/6/2023,2/9/2023
299,40,42,1/9/2023,2/6/2023,2/7/2023
300,34,43,2/14/2023,2/17/2023,2/20/2023
301,43,40,2/8/2023,2/24/2023,2/25/2023
302,16,26,2/2/2023,2/4/2023,2/5/2023
303,41,21,1/15/2023,2/8/2023,2/15/2023
304,44,48,1/30/2023,2/9/2023,2/11/2023
305,46,13,2/9/2023,2/13/2023,2/14/2023
306,22,13,2/4/2023,2/19/2023,2/26/2023
307,32,26,2/8/2023,2/28/2023,3/6/2023
308,30,40,1/30/2023,3/1/2023,3/3/2023
309,13,41,2/20/2023,3/2/2023,3/8/2023
310,27,16,2/13/2023,3/5/2023,3/10/2023
311,29,32,2/3/2023,2/17/2023,2/18/2023
312,37,2,2/1/2023,2/18/2023,2/23/2023
313,26,19,1/27/2023,2/25/2023,3/3/2023
314,3,18,1/31/2023,2/27/2023,3/6/2023
315,40,36,1/16/2023,2/6/2023,2/13/2023
316,4,26,2/4/2023,2/8/2023,2/9/2023
317,15,24,1/13/2023,2/9/2023,2/16/2023
318,37,46,2/2/2023,2/10/2023,2/11/2023
319,38,19,1/27/2023,2/18/2023,2/22/2023
320,47,5,2/9/2023,2/26/2023,3/3/2023
321,6,29,2/4/2023,2/27/2023,3/5/2023
322,8,13,2/26/2023,3/1/2023,3/8/2023
323,34,47,1/16/2023,2/9/2023,2/15/2023
324,10,27,1/20/2023,2/12/2023,2/15/2023
325,18,11,1/29/2023,2/16/2023,2/22/2023
326,5,3,2/23/2023,2/28/2023,3/3/2023
327,20,38,2/24/2023,2/28/2023,3/4/2023
328,10,33,2/14/2023,3/8/2023,3/11/2023
329,34,49,2/21/2023,3/6/2023,3/11/2023
330,27,18,1/30/2023,2/9/2023,2/14/2023
331,50,32,1/27/2023,2/9/2023,2/15/2023
332,38,2,2/5/2023,2/10/2023,2/13/2023
333,27,50,1/26/2023,2/10/2023,2/13/2023
334,5,31,1/16/2023,2/11/2023,2/15/2023
335,9,27,1/27/2023,2/17/2023,2/23/2023
336,39,15,2/20/2023,2/21/2023,2/28/2023
337,29,47,2/2/2023,2/22/2023,2/26/2023
338,36,28,3/8/2023,3/9/2023,3/14/2023
339,41,22,2/16/2023,2/18/2023,2/22/2023
340,50,41,1/29/2023,2/23/2023,2/28/2023
341,43,32,2/13/2023,3/10/2023,3/12/2023
342,40,40,2/21/2023,3/10/2023,3/12/2023
343,25,1,3/5/2023,3/10/2023,3/11/2023
344,17,9,1/31/2023,2/14/2023,2/21/2023
345,37,36,2/14/2023,2/15/2023,2/22/2023
346,21,34,2/10/2023,2/16/2023,2/23/2023
347,1,21,2/3/2023,2/20/2023,2/27/2023
348,15,1,2/9/2023,2/24/2023,3/1/2023
349,6,20,2/23/2023,2/28/2023,3/2/2023
350,16,32,2/18/2023,3/1/2023,3/4/2023
351,35,48,2/9/2023,3/5/2023,3/11/2023
352,49,37,2/10/2023,3/11/2023,3/17/2023
353,33,4,1/31/2023,2/12/2023,2/14/2023
354,2,32,1/29/2023,2/24/2023,2/27/2023
355,47,9,2/23/2023,2/27/2023,3/2/2023
356,27,44,2/18/2023,3/8/2023,3/12/2023
357,6,48,2/13/2023,2/22/2023,2/23/2023
358,13,44,2/18/2023,2/28/2023,3/7/2023
359,47,27,3/3/2023,3/9/2023,3/16/2023
360,45,29,2/11/2023,2/14/2023,2/20/2023
361,31,25,2/5/2023,2/15/2023,2/21/2023
362,22,8,2/1/2023,2/16/2023,2/22/2023
363,12,23,2/14/2023,2/18/2023,2/19/2023
364,2,9,2/20/2023,3/3/2023,3/10/2023
365,9,10,2/11/2023,3/3/2023,3/7/2023
366,17,14,2/17/2023,3/7/2023,3/14/2023
367,11,9,2/27/2023,3/12/2023,3/18/2023
368,34,24,2/8/2023,2/18/2023,2/21/2023
369,18,38,2/11/2023,2/19/2023,2/25/2023
370,1,4,1/24/2023,2/21/2023,2/28/2023
371,20,12,2/14/2023,2/28/2023,3/5/2023
372,8,2,2/11/2023,3/2/2023,3/3/2023
373,40,39,2/9/2023,3/6/2023,3/9/2023
374,14,42,2/28/2023,3/9/2023,3/13/2023
375,28,15,2/17/2023,3/13/2023,3/17/2023
376,27,6,2/12/2023,2/26/2023,3/2/2023
377,15,25,2/27/2023,2/28/2023,3/1/2023
378,36,43,2/15/2023,3/2/2023,3/5/2023
379,10,22,2/17/2023,3/6/2023,3/12/2023
380,31,49,2/27/2023,3/12/2023,3/17/2023
381,14,11,3/3/2023,3/6/2023,3/13/2023
382,5,30,2/15/2023,3/11/2023,3/17/2023
383,34,44,3/11/2023,3/17/2023,3/18/2023
384,36,7,2/5/2023,2/20/2023,2/25/2023
385,46,47,2/5/2023,3/3/2023,3/8/2023
386,39,31,2/15/2023,3/11/2023,3/14/2023
387,14,43,2/21/2023,3/12/2023,3/14/2023
388,28,22,3/11/2023,3/13/2023,3/17/2023
389,15,6,3/3/2023,3/17/2023,3/23/2023
390,17,29,3/12/2023,3/18/2023,3/24/2023
391,13,24,1/29/2023,2/25/2023,3/1/2023
392,9,33,2/25/2023,3/2/2023,3/5/2023
393,41,25,2/18/2023,3/7/2023,3/10/2023
394,4,17,3/4/2023,3/10/2023,3/16/2023
395,22,22,1/27/2023,2/24/2023,3/3/2023
396,43,39,2/15/2023,2/26/2023,3/2/2023
397,49,10,2/27/2023,3/9/2023,3/10/2023
398,26,21,2/14/2023,3/10/2023,3/16/2023
399,41,45,2/2/2023,2/24/2023,2/27/2023
400,45,23,2/20/2023,3/7/2023,3/9/2023
401,43,7,2/6/2023,3/8/2023,3/11/2023
402,32,14,3/10/2023,3/19/2023,3/21/2023
403,22,28,2/12/2023,2/23/2023,3/2/2023
404,43,48,2/11/2023,2/25/2023,2/28/2023
405,2,34,1/27/2023,2/25/2023,3/3/2023
406,49,30,2/15/2023,2/28/2023,3/7/2023
407,39,6,3/7/2023,3/8/2023,3/10/2023
408,38,43,3/13/2023,3/15/2023,3/22/2023
409,48,18,3/17/2023,3/21/2023,3/24/2023
410,20,12,2/21/2023,2/24/2023,2/27/2023
411,17,36,2/13/2023,2/28/2023,3/6/2023
412,41,4,2/5/2023,3/1/2023,3/7/2023
413,29,5,2/21/2023,3/5/2023,3/10/2023
414,17,45,2/25/2023,3/5/2023,3/8/2023
415,15,29,2/21/2023,3/7/2023,3/12/2023
416,37,4,2/21/2023,3/13/2023,3/17/2023
417,42,18,2/22/2023,3/13/2023,3/15/2023
418,25,11,2/25/2023,3/15/2023,3/18/2023
419,33,36,2/28/2023,3/20/2023,3/26/2023
420,43,23,2/17/2023,2/25/2023,2/28/2023
421,14,27,2/25/2023,3/1/2023,3/5/2023
422,34,21,3/1/2023,3/2/2023,3/3/2023
423,49,50,2/10/2023,3/5/2023,3/12/2023
424,34,8,3/6/2023,3/7/2023,3/8/2023
425,37,19,3/4/2023,3/10/2023,3/12/2023
426,32,48,2/25/2023,3/12/2023,3/19/2023
427,7,13,3/3/2023,3/14/2023,3/20/2023
428,47,12,2/20/2023,3/14/2023,3/18/2023
429,26,35,2/27/2023,3/4/2023,3/11/2023
430,12,20,3/6/2023,3/8/2023,3/11/2023
431,6,13,3/17/2023,3/26/2023,3/28/2023
432,15,11,2/10/2023,2/27/2023,3/5/2023
433,35,37,2/12/2023,2/28/2023,3/5/2023
434,7,2,2/16/2023,3/7/2023,3/8/2023
435,19,19,3/8/2023,3/13/2023,3/19/2023
436,7,16,2/20/2023,3/15/2023,3/18/2023
437,45,47,3/9/2023,3/10/2023,3/14/2023
438,33,3,2/23/2023,3/12/2023,3/13/2023
439,37,13,3/4/2023,3/21/2023,3/22/2023
440,31,2,3/6/2023,3/28/2023,3/31/2023
441,45,17,2/16/2023,3/4/2023,3/8/2023
442,50,15,2/23/2023,3/5/2023,3/12/2023
443,4,46,2/22/2023,3/8/2023,3/10/2023
444,25,42,1/31/2023,3/2/2023,3/7/2023
445,9,3,2/10/2023,3/10/2023,3/11/2023
446,29,16,2/21/2023,3/23/2023,3/25/2023
447,12,1,2/1/2023,3/3/2023,3/4/2023
448,28,7,2/10/2023,3/3/2023,3/5/2023
449,27,12,3/1/2023,3/10/2023,3/11/2023
450,42,46,2/25/2023,3/13/2023,3/20/2023
451,30,36,3/12/2023,3/16/2023,3/19/2023
452,6,31,3/7/2023,3/24/2023,3/30/2023
453,30,24,2/6/2023,3/6/2023,3/8/2023
454,19,34,2/19/2023,3/8/2023,3/11/2023
455,13,50,3/3/2023,3/13/2023,3/16/2023
456,4,32,3/3/2023,3/16/2023,3/22/2023
457,1,21,3/6/2023,3/20/2023,3/21/2023
458,33,50,3/6/2023,3/22/2023,3/28/2023
459,40,6,2/23/2023,3/24/2023,3/30/2023
460,6,26,3/2/2023,3/8/2023,3/13/2023
461,7,39,3/17/2023,3/21/2023,3/26/2023
462,20,40,2/15/2023,3/16/2023,3/21/2023
463,23,41,3/2/2023,3/26/2023,3/29/2023
464,45,45,3/3/2023,3/10/2023,3/12/2023
465,2,47,3/2/2023,3/17/2023,3/22/2023
466,41,39,2/10/2023,3/10/2023,3/17/2023
467,28,36,2/12/2023,3/9/2023,3/11/2023
468,44,26,2/19/2023,3/17/2023,3/24/2023
469,2,17,3/10/2023,3/17/2023,3/18/2023
470,34,28,3/13/2023,3/17/2023,3/24/2023
471,46,5,2/23/2023,3/12/2023,3/19/2023
472,16,41,2/25/2023,3/15/2023,3/21/2023
473,31,49,2/20/2023,3/20/2023,3/24/2023
474,30,15,3/4/2023,3/23/2023,3/30/2023
475,31,2,2/23/2023,3/15/2023,3/22/2023
476,24,37,2/27/2023,3/23/2023,3/27/2023
477,40,20,3/3/2023,3/13/2023,3/16/2023
478,16,23,3/5/2023,3/15/2023,3/19/2023
479,37,35,2/28/2023,3/16/2023,3/20/2023
480,49,4,3/8/2023,3/20/2023,3/23/2023
481,28,31,3/11/2023,3/20/2023,3/22/2023
482,8,30,3/10/2023,3/21/2023,3/28/2023
483,15,41,3/10/2023,3/31/2023,4/2/2023
484,15,25,2/15/2023,3/15/2023,3/22/2023
485,23,11,2/18/2023,3/20/2023,3/27/2023
486,43,25,3/13/2023,3/23/2023,3/24/2023
487,37,35,3/21/2023,3/27/2023,4/3/2023
488,1,5,2/25/2023,3/20/2023,3/21/2023
489,2,47,3/7/2023,3/28/2023,4/4/2023
490,5,4,3/21/2023,3/28/2023,3/29/2023
491,17,47,3/15/2023,4/10/2023,4/12/2023
492,16,44,3/2/2023,3/24/2023,3/27/2023
493,36,26,3/6/2023,3/31/2023,4/2/2023
494,19,18,3/27/2023,3/30/2023,4/4/2023
495,25,46,3/25/2023,3/26/2023,3/27/2023
496,43,37,3/25/2023,3/30/2023,4/4/2023
497,31,29,3/6/2023,3/31/2023,4/3/2023
498,23,15,3/22/2023,4/2/2023,4/6/2023
499,7,16,3/8/2023,3/28/2023,4/1/2023
500,27,35,3/23/2023,4/4/2023,4/11/2023